"Beginn";"Ende";"Bezeichnung";"Bemerkungen"
"21.12.2004";"06.01.2005";"Weihnachtsferien";https://www.feiertagskalender.ch/ferien.php?geo=3129
"21.02.2005";"26.02.2005";"Semesterferien";
"19.03.2005";"29.03.2005";"Osterferien";
"14.05.2005";"17.05.2005";"Pfingstferien";
"09.07.2005";"10.09.2005";"Sommerferien";
"24.12.2005";"07.01.2006";"Weihnachtsferien";
"20.02.2006";"25.02.2006";"Semesterferien";
"08.04.2006";"18.04.2006";"Osterferien";
"03.06.2006";"06.06.2006";"Pfingstferien";
"08.07.2006";"09.09.2006";"Sommerferien";
"24.12.2006";"06.01.2007";"Weihnachtsferien";
"19.02.2007";"24.02.2007";"Semesterferien";
"31.03.2007";"10.04.2007";"Osterferien";
"26.05.2007";"29.05.2007";"Pfingstferien";
"07.07.2007";"08.09.2007";"Sommerferien";
"24.12.2007";"06.01.2008";"Weihnachtsferien";
"18.02.2008";"23.02.2008";"Semesterferien";
"15.03.2008";"25.03.2008";"Osterferien";
"10.05.2008";"13.05.2008";"Pfingstferien";
"05.07.2008";"06.09.2008";"Sommerferien";
"24.12.2008";"06.01.2009";"Weihnachtsferien";
"16.02.2009";"21.02.2009";"Semesterferien";
"04.04.2009";"14.04.2009";"Osterferien";
"22.05.2009";"22.05.2009";"Ferientag";
"30.05.2009";"02.06.2009";"Pfingstferien";
"12.06.2009";"12.06.2009";"Ferientag";
"11.07.2009";"13.09.2009";"Sommerferien";
"24.12.2009";"06.01.2010";"Weihnachtsferien";
"15.02.2010";"20.02.2010";"Semesterferien";
"27.03.2010";"06.04.2010";"Osterferien";
"22.05.2010";"25.05.2010";"Pfingstferien";
"10.07.2010";"11.09.2010";"Sommerferien";
"24.12.2010";"06.01.2011";"Weihnachtsferien";
"21.02.2011";"26.02.2011";"Semesterferien";
"16.04.2011";"26.04.2011";"Osterferien";
"02.06.2011";"03.06.2011";"Auffahrtsferien";
"11.06.2011";"14.06.2011";"Pfingstferien";
"23.06.2011";"24.06.2011";"Fronleichnam";
"09.07.2011";"10.09.2011";"Sommerferien";
"24.12.2011";"07.01.2012";"Weihnachtsferien";
"20.02.2012";"25.02.2012";"Semesterferien";
"31.03.2012";"10.04.2012";"Osterferien";
"26.05.2012";"29.05.2012";"Pfingstferien";
"07.07.2012";"08.09.2012";"Sommerferien";
"24.12.2012";"06.01.2013";"Weihnachtsferien";
"18.02.2013";"23.02.2013";"Semesterferien";
"23.03.2013";"02.04.2013";"Osterferien";
"18.05.2013";"21.05.2013";"Pfingstferien";
"06.07.2013";"07.09.2013";"Sommerferien";
"23.12.2013";"06.01.2014";"Weihnachtsferien";
"17.02.2014";"22.02.2014";"Semesterferien";
"12.04.2014";"22.04.2014";"Osterferien";
"30.05.2014";"30.05.2014";"schulfreier Tag";
"07.06.2014";"10.06.2014";"Pfingstferien";
"20.06.2014";"20.06.2014";"schulfreier Tag";
"05.07.2014";"06.09.2014";"Sommerferien";
"22.12.2014";"06.01.2015";"Weihnachtsferien";
"16.02.2015";"21.02.2015";"Semesterferien";
"28.03.2015";"07.04.2015";"Osterferien";
"15.05.2015";"15.05.2015";"schulfreier Tag";
"23.05.2015";"26.05.2015";"Pfingstferien";
"05.06.2015";"05.06.2015";"schulfreier Tag";
"11.07.2015";"12.09.2015";"Sommerferien";
"24.12.2015";"06.01.2016";"Weihnachtsferien";
"15.02.2016";"20.02.2016";"Semesterferien";
"19.03.2016";"29.03.2016";"Osterferien";
"06.05.2016";"06.05.2016";"Ferientag";
"14.05.2016";"17.05.2016";"Pfingstferien";
"27.05.2016";"27.05.2016";"Ferientag";
"09.07.2016";"11.09.2016";"Sommerferien";
"24.12.2016";"07.01.2017";"Weihnachtsferien";
"20.02.2017";"25.02.2017";"Semesterferien";
"08.04.2017";"18.04.2017";"Osterferien";
"26.05.2017";"26.05.2017";"Ferientag";
"03.06.2017";"06.06.2017";"Pfingstferien";
"16.06.2017";"16.06.2017";"Ferientag";
"08.07.2017";"10.09.2017";"Sommerferien";
"24.12.2017";"06.01.2018";"Weihnachtsferien";
"19.02.2018";"24.02.2018";"Semesterferien";
"24.03.2018";"03.04.2018";"Osterferien";
"11.05.2018";"11.05.2018";"Ferientag";
"19.05.2018";"22.05.2018";"Pfingstferien";
"01.06.2018";"01.06.2018";"Ferientag";
"07.07.2018";"09.09.2018";"Sommerferien";
"24.12.2018";"06.01.2019";"Weihnachtsferien";
"18.02.2019";"23.02.2019";"Semesterferien";
"13.04.2019";"23.04.2019";"Osterferien";
"31.05.2019";"31.05.2019";"Ferientag";
"08.06.2019";"11.06.2019";"Pfingstferien";
"21.06.2019";"21.06.2019";"Ferientag";
"06.07.2019";"08.09.2019";"Sommerferien";
"26.10.2019";"26.10.2019";"Nationalfeiertag Oesterreich";
"01.11.2019";"02.11.2019";"Allerheiligen";
"23.12.2019";"06.01.2020";"Weihnachtsferien";
"17.02.2020";"22.02.2020";"Semesterferien";
"18.03.2020";"15.05.2020";"Schulen geschlossen (eventuell Fernunterricht)";"Covid-19"
"21.05.2020";"21.05.2020";"Auffahrtsferien";
"30.05.2020";"01.06.2020";"Pfingstferien";
"11.06.2020";"11.06.2020";"Fronleichnam";
"11.07.2020";"13.09.2020";"Sommerferien";
"26.10.2020";"26.10.2020";"Nationalfeiertag Oesterreich";
"27.10.2020";"31.10.2020";"Herbstferien";
"01.11.2020";"02.11.2020";"Allerheiligen";
"17.11.2020";"06.12.2020";"Schulen geschlossen (eventuell Fernunterricht)";"Covid-19"
"08.12.2020";"08.12.2020";"Mariä Empfängnis";
"24.12.2020";"06.01.2021";"Weihnachtsferien";
"07.01.2021";"17.01.2021";"Schulen geschlossen (eventuell Fernunterricht)";"Covid-19"
"18.01.2021";"07.02.2021";"Schulen geschlossen (eventuell Fernunterricht)";"Covid-19"
"08.02.2021";"13.02.2021";"Semesterferien";
"19.03.2021";"19.03.2021";"St. Josef";
"27.03.2021";"05.04.2021";"Osterferien";
"01.05.2021";"01.05.2021";"Tag der Arbeit";
"13.05.2021";"13.05.2021";"Auffahrtsferien";
"22.05.2021";"24.05.2021";"Pfingstferien";
"03.06.2021";"03.06.2021";"Fronleichnam";
"10.07.2021";"12.09.2021";"Sommerferien";
"26.10.2021";"26.10.2021";"Nationalfeiertag Oesterreich";
"27.10.2021";"31.10.2021";"Herbstferien";
"01.11.2021";"02.11.2021";"Allerheiligen";
"08.12.2021";"08.12.2021";"Mariä Empfängnis";
"24.12.2021";"06.01.2022";"Weihnachtsferien";
"21.02.2022";"26.02.2022";"Semesterferien";
"09.04.2022";"18.04.2022";"Osterferien";
"26.05.2022";"26.05.2022";"Auffahrtsferien";
"04.06.2022";"06.06.2022";"Pfingstferien";
"16.06.2022";"16.06.2022";"Fronleichnam";
"09.07.2022";"11.09.2022";"Sommerferien";
"26.10.2022";"26.10.2022";"Nationalfeiertag Oesterreich";
"01.11.2022";"02.11.2022";"Allerheiligen";
"08.12.2022";"08.12.2022";"Mariä Empfängnis";
"24.12.2022";"06.01.2023";"Weihnachtsferien";
"20.02.2023";"25.02.2023";"Semesterferien";
"01.04.2023";"10.04.2023";"Osterferien";
"01.05.2023";"01.05.2023";"Tag der Arbeit";
"18.05.2023";"18.05.2023";"Auffahrtsferien";
"27.05.2023";"29.05.2023";"Pfingstferien";
"08.06.2023";"08.06.2023";"Fronleichnam";
"08.07.2023";"10.09.2023";"Sommerferien";
"15.08.2023";"15.08.2023";"Mariä Himmelfahrt";
"26.10.2023";"26.10.2023";"Nationalfeiertag Oesterreich";
"27.10.2023";"31.10.2023";"Herbstferien";
"01.11.2023";"02.11.2023";"Allerheiligen";
"08.12.2023";"08.12.2023";"Mariä Empfängnis";
"24.12.2023";"06.01.2024";"Weihnachtsferien";
